NOME,MORADA,CODIGO POSTAL,EMAIL,NIF,CONTACTO
Maria Rúbia Correia Assunção Lima Melo,Bairro do Carvalhido Nº737,9685-543,Maria.Melo@trabalho.pt,386560050,934942663
Cecília Clarisse Pinto,Avenida de Vasco da Gama Nº796,3594-404,Cecília.Pinto@gmail.com,238973930,933095047
Rúbia Carneiro Andrade Pinheiro Fernandes,Avenida de Fontes Pereira de Melo Nº924,6922-975,Rúbia.Fernandes@hotmail.com,773492322,968055805
Cármen Milena Gaspar Henriques Assunção,Avenida de D. Afonso Henriques Nº232,7843-465,Cármen.Assunção@gmail.com,329997068,963719793
Andreea Batista Martins Araújo,Avenida do Marechal Gomes da Costa Nº727,4675-050,Andreea.Araújo@outlook.com,655939217,935699339
Anton Avelino Figueiredo,Avenida de Montevideu Nº204,9597-536,Anton.Figueiredo@trabalho.pt,636376138,924436160
Léandro Liedson Pinto Moreira,Alameda do Dr. Fernando de Azeredo Antas Nº625,5646-657,Léandro.Moreira@mundo.pt,670921853,911629530
Léandro Yannick Nunes Valente Ribeiro Miranda,Avenida do Marechal Gomes da Costa Nº428,4411-910,Léandro.Miranda@trabalho.pt,512931742,960205566
Euclides Roberto Sá Oliveira,Avenida de D. João II Nº261,4828-892,Euclides.Oliveira@outlook.com,429611825,939184375
Ema Luana Brito Martins Andrade Fernandes,Avenida do Conselho da Europa Nº693,7393-756,Ema.Fernandes@hotmail.com,478058911,912123222
Eva Roberta Teixeira,Alameda de Basílio Teles Nº141,4993-500,Eva.Teixeira@gmail.com,740958862,965678467
Tony Neves,Avenida da Associação Empresarial de Portugal Nº926,4798-831,Tony.Neves@trabalho.pt,357516803,912425138
Luísa Noa Miranda Matos,Beco da Beneditina Nº823,1669-213,Luísa.Matos@isec.pt,708768040,934405712
Denilson Soares Ferreira Loureiro Reis,Avenida Flor da Rosa Nº872,2773-267,Denilson.Reis@mundo.pt,262683979,914636814
Emily Monteiro Antunes Sousa Branco,Avenida do Bessa Nº326,7993-696,Emily.Branco@outlook.com,375079670,935528270
Alípio Barros Carneiro,Bairro de Casas Económicas do Ilhéu Nº617,2377-667,Alípio.Carneiro@mundo.pt,601813161,922248250
Celeste Rodrigues Cunha Amorim Azevedo,Beco da Bicha Nº730,4984-120,Celeste.Azevedo@outlook.pt,348211241,967694897
Dara Machado Loureiro Miranda,Bairro do Cerco do Porto Nº52,9146-276,Dara.Miranda@trabalho.pt,577513747,967085393
Giovanny Quévin Nascimento Monteiro,Bairro do Lagarteiro Nº210,7986-649,Giovanny.Monteiro@mundo.pt,773485261,928381984
Madalena Beatrice Rodrigues Fernandes Cardoso Miranda,Bairro da Agra do Amial Nº104,9136-377,Madalena.Miranda@isec.pt,639504925,961595811
Liara Oliveira Domingues Vaz Sousa,Avenida de Montevideu Nº708,2645-163,Liara.Sousa@outlook.com,385099448,969992296
Juliana Paula Melo Figueiredo Henriques,Bairro do Dr. Nuno Pinheiro Torres Nº205,2486-706,Juliana.Henriques@gmail.com,210317120,929110478
Sabrina Simone Vaz Silva,Avenida do Dr. Antunes Guimarães Nº517,1131-384,Sabrina.Silva@isec.pt,609257783,938513969
Inês Vitória Leite Pacheco,Alameda do Dr. António Macedo Nº88,2353-333,Inês.Pacheco@mundo.pt,667479727,919677931
Roberta Roxana Araújo Correia Nascimento Macedo,Alameda de Basílio Teles Nº66,8413-464,Roberta.Macedo@mundo.pt,689056148,935846480
